filename	cm-score
HGT1013455.wav	0.000713
HGT1027213.wav	0.330667
HGT1029437.wav	0.006287
HGT1046947.wav	0.931123
HGT1048546.wav	0.010582
HGT1059546.wav	0.000296
HGT1065837.wav	0.001575
HGT1074926.wav	0.947440
HGT1076008.wav	0.864809
HGT1076625.wav	0.000985
HGT1078475.wav	0.000053
HGT1078865.wav	0.002238
HGT1079053.wav	0.003678
HGT1080435.wav	0.059803
HGT1087600.wav	0.000015
HGT1095703.wav	0.002538
HGT1095881.wav	0.000363
HGT1101887.wav	0.001858
HGT1108394.wav	0.000051
HGT1112031.wav	0.008262
HGT1119749.wav	0.928008
HGT1135324.wav	0.007285
HGT1150418.wav	0.999994
HGT1156575.wav	0.471420
HGT1160303.wav	0.002707
HGT1162530.wav	0.018311
HGT1167935.wav	0.002190
HGT1171242.wav	0.080617
HGT1175953.wav	0.005552
HGT1177373.wav	0.019466
HGT1180125.wav	0.957484
HGT1196573.wav	0.022938
HGT1206946.wav	0.009335
HGT1211283.wav	0.027334
HGT1217313.wav	0.000768
HGT1221277.wav	0.678168
HGT1231371.wav	0.004203
HGT1231663.wav	0.999106
HGT1247495.wav	0.000182
HGT1250967.wav	0.004766
HGT1252382.wav	0.037527
HGT1267631.wav	0.001211
HGT1273281.wav	0.005234
HGT1277167.wav	0.000061
HGT1286435.wav	0.001066
HGT1295273.wav	0.961468
HGT1298217.wav	0.241900
HGT1302610.wav	0.015782
HGT1310023.wav	0.999791
HGT1312950.wav	0.992734
HGT1322477.wav	0.000094
HGT1323375.wav	0.999440
HGT1326973.wav	0.000884
HGT1341712.wav	0.033014
HGT1346317.wav	0.000258
HGT1355175.wav	0.356539
HGT1356500.wav	0.000713
HGT1361375.wav	0.000403
HGT1367237.wav	0.010753
HGT1378565.wav	0.992230
HGT1423683.wav	0.004717
HGT1425064.wav	0.977975
HGT1426588.wav	0.704323
HGT1427045.wav	0.021537
HGT1428082.wav	0.387176
HGT1432483.wav	0.996679
HGT1434611.wav	0.996023
HGT1436404.wav	0.046692
HGT1441410.wav	0.005436
HGT1442378.wav	0.019022
HGT1444231.wav	0.001121
HGT1446333.wav	0.265810
HGT1447073.wav	0.003959
HGT1449929.wav	0.056853
HGT1457035.wav	0.000295
HGT1457930.wav	0.004155
HGT1460292.wav	0.234757
HGT1462625.wav	0.034431
HGT1467190.wav	0.000137
HGT1474298.wav	0.121290
HGT1483864.wav	0.006138
HGT1495754.wav	0.993042
HGT1502001.wav	0.013906
HGT1502491.wav	0.998248
HGT1503106.wav	0.000551
HGT1504572.wav	0.004550
HGT1510590.wav	0.029557
HGT1513611.wav	0.008765
HGT1519682.wav	0.455824
HGT1526494.wav	0.001785
HGT1527864.wav	0.005788
HGT1529577.wav	0.904438
HGT1538647.wav	0.255348
HGT1548780.wav	0.000494
HGT1551403.wav	0.004407
HGT1556522.wav	0.310859
HGT1557957.wav	0.999745
HGT1560269.wav	0.000212
HGT1563003.wav	0.596250
HGT1569066.wav	0.015508
HGT1573843.wav	0.999731
HGT1577598.wav	0.008757
HGT1585939.wav	0.000181
HGT1589323.wav	0.907253
HGT1597760.wav	0.248195
HGT1599335.wav	0.986650
HGT1599525.wav	0.999650
HGT1601027.wav	0.018403
HGT1607363.wav	0.058780
HGT1609843.wav	0.013955
HGT1617927.wav	0.047567
HGT1619235.wav	0.099168
HGT1622407.wav	0.001815
HGT1624324.wav	0.008530
HGT1629692.wav	0.999968
HGT1630688.wav	0.988852
HGT1632484.wav	0.139846
HGT1632867.wav	0.922141
HGT1634559.wav	0.999004
HGT1641684.wav	0.029901
HGT1641894.wav	0.000506
HGT1645820.wav	0.000318
HGT1649852.wav	0.966245
HGT1650050.wav	0.995410
HGT1666092.wav	0.013079
HGT1671489.wav	0.822150
HGT1672742.wav	0.001855
HGT1674660.wav	0.000088
HGT1681460.wav	0.000283
HGT1685218.wav	0.016276
HGT1693264.wav	0.000267
HGT1695757.wav	0.000608
HGT1696763.wav	0.017209
HGT1701234.wav	0.199208
HGT1713163.wav	0.000042
HGT1713250.wav	0.000740
HGT1716390.wav	0.000285
HGT1719913.wav	0.003780
HGT1722012.wav	0.005417
HGT1733690.wav	0.022931
HGT1739846.wav	0.998094
HGT1743182.wav	0.999284
HGT1751352.wav	0.857195
HGT1753209.wav	0.019572
HGT1756043.wav	0.000836
HGT1760496.wav	0.000616
HGT1763816.wav	0.279134
HGT1764979.wav	0.242506
HGT1765737.wav	0.001638
HGT1767679.wav	0.033443
HGT1769378.wav	0.034485
HGT1774903.wav	0.986356
HGT1777689.wav	0.985752
HGT1782014.wav	0.001131
HGT1783554.wav	0.847548
HGT1792528.wav	0.985735
HGT1792743.wav	0.000308
HGT1794158.wav	0.137663
HGT1798189.wav	0.001171
HGT1804611.wav	0.001131
HGT1809920.wav	0.998921
HGT1813886.wav	0.004457
HGT1817253.wav	0.033719
HGT1821825.wav	0.002520
HGT1824308.wav	0.986592
HGT1831431.wav	0.999422
HGT1839606.wav	0.022655
HGT1854846.wav	0.000424
HGT1856122.wav	0.004905
HGT1856760.wav	0.004947
HGT1859948.wav	0.992742
HGT1866266.wav	0.947420
HGT1876795.wav	0.000023
HGT1878710.wav	0.001796
HGT1879733.wav	0.995622
HGT1880318.wav	0.000464
HGT1896212.wav	0.274031
HGT1897799.wav	0.000117
HGT1898131.wav	0.004080
HGT1900652.wav	0.192028
HGT1905886.wav	0.007032
HGT1909825.wav	0.001394
HGT1914656.wav	0.059224
HGT1921574.wav	0.024165
HGT1925841.wav	0.000143
HGT1925947.wav	0.271432
HGT1941640.wav	0.000546
HGT1949933.wav	0.007304
HGT1956439.wav	0.000604
HGT1961562.wav	0.999336
HGT1972671.wav	0.358052
HGT1980973.wav	0.000076
HGT1989714.wav	0.000691
HGT2016856.wav	0.989047
HGT2019835.wav	0.968796
HGT2021979.wav	0.006596
HGT2024949.wav	0.997822
HGT2026574.wav	0.000124
HGT2029371.wav	0.003028
HGT2034442.wav	0.487047
HGT2037767.wav	0.027565
HGT2039810.wav	0.074302
HGT2048554.wav	0.004752
HGT2063125.wav	0.001458
HGT2063344.wav	0.000155
HGT2065361.wav	0.897942
HGT2069284.wav	0.053393
HGT2075355.wav	0.997234
HGT2078217.wav	0.046259
HGT2080120.wav	0.999451
HGT2083258.wav	0.352881
HGT2088600.wav	0.007535
HGT2092715.wav	0.990857
HGT2096248.wav	0.981263
HGT2103367.wav	0.500801
HGT2112526.wav	0.008316
HGT2113525.wav	0.011706
HGT2121335.wav	0.000145
HGT2140143.wav	0.016850
HGT2140666.wav	0.259098
HGT2143491.wav	0.000301
HGT2144695.wav	0.999763
HGT2144894.wav	0.000011
HGT2152686.wav	0.005724
HGT2154657.wav	0.000136
HGT2157958.wav	0.000916
HGT2159785.wav	0.002619
HGT2163380.wav	0.050203
HGT2166825.wav	0.003555
HGT2172020.wav	0.023399
HGT2174268.wav	0.598870
HGT2186886.wav	0.203824
HGT2195776.wav	0.107634
HGT2209272.wav	0.000097
HGT2211666.wav	0.011671
HGT2213726.wav	0.000337
HGT2234114.wav	0.023399
HGT2234601.wav	0.013550
HGT2244643.wav	0.133697
HGT2249418.wav	0.001489
HGT2255927.wav	0.519336
HGT2256950.wav	0.733044
HGT2257842.wav	0.999915
HGT2271892.wav	0.003213
HGT2272542.wav	0.034321
HGT2278503.wav	0.995381
HGT2278539.wav	0.356498
HGT2293248.wav	0.000004
HGT2297609.wav	0.008631
HGT2298188.wav	0.009674
HGT2300097.wav	0.001980
HGT2305393.wav	0.428491
HGT2316989.wav	0.996463
HGT2319226.wav	0.435510
HGT2320020.wav	0.001642
HGT2329466.wav	0.031982
HGT2335065.wav	0.034012
HGT2345767.wav	0.003700
HGT2348845.wav	0.001512
HGT2353440.wav	0.020703
HGT2357164.wav	0.000814
HGT2360253.wav	0.004448
HGT2360850.wav	0.984532
HGT2367488.wav	0.997228
HGT2368188.wav	0.466915
HGT2375292.wav	0.000073
HGT2381771.wav	0.000566
HGT2383708.wav	0.006527
HGT2384401.wav	0.998528
HGT2384719.wav	0.949476
HGT2388141.wav	0.000221
HGT2394006.wav	0.747224
HGT2400067.wav	0.035461
HGT2406391.wav	0.996160
HGT2406504.wav	0.000418
HGT2419574.wav	0.027952
HGT2421658.wav	0.042191
HGT2422776.wav	0.004318
HGT2431857.wav	0.005766
HGT2432375.wav	0.999961
HGT2432725.wav	0.000587
HGT2433241.wav	0.011645
HGT2435062.wav	0.003604
HGT2447677.wav	0.005158
HGT2448531.wav	0.011898
HGT2453521.wav	0.999841
HGT2454060.wav	0.005251
HGT2467222.wav	0.000490
HGT2472650.wav	0.258118
HGT2474768.wav	0.004758
HGT2475123.wav	0.542579
HGT2477876.wav	0.009921
HGT2480827.wav	0.050643
HGT2484611.wav	0.093993
HGT2487533.wav	0.011688
HGT2493361.wav	0.023044
HGT2520934.wav	0.999994
HGT2522587.wav	0.001698
HGT2524532.wav	0.057957
HGT2530228.wav	0.002949
HGT2537166.wav	0.978409
HGT2538335.wav	0.999849
HGT2546033.wav	0.018597
HGT2547188.wav	0.413199
HGT2554064.wav	0.003773
HGT2559881.wav	0.021518
HGT2560900.wav	0.000646
HGT2561031.wav	0.995896
HGT2563556.wav	0.000794
HGT2570783.wav	0.002029
HGT2595488.wav	0.000268
HGT2597337.wav	0.000664
HGT2599269.wav	0.998504
HGT2607768.wav	0.555310
HGT2608474.wav	0.007930
HGT2617942.wav	0.000168
HGT2619354.wav	0.599549
HGT2625598.wav	0.089159
HGT2628500.wav	0.301749
HGT2629569.wav	0.760849
HGT2643796.wav	0.000909
HGT2645595.wav	0.998415
HGT2649960.wav	0.966001
HGT2662010.wav	0.022874
HGT2666920.wav	0.002266
HGT2672815.wav	0.241969
HGT2678552.wav	0.000202
HGT2683246.wav	0.060179
HGT2685810.wav	0.000663
HGT2695286.wav	0.010441
HGT2697196.wav	0.001204
HGT2697551.wav	0.337391
HGT2698177.wav	0.999777
HGT2700746.wav	0.976974
HGT2709416.wav	0.120456
HGT2713032.wav	0.002794
HGT2713461.wav	0.956168
HGT2717464.wav	0.000659
HGT2722180.wav	0.025823
HGT2727000.wav	0.949820
HGT2733882.wav	0.015633
HGT2741683.wav	0.008047
HGT2751250.wav	0.026788
HGT2756311.wav	0.036751
HGT2759591.wav	0.001821
HGT2763612.wav	0.835183
HGT2774455.wav	0.005977
HGT2784205.wav	0.000852
HGT2790711.wav	0.000240
HGT2797499.wav	0.140297
HGT2801321.wav	0.004836
HGT2804107.wav	0.013295
HGT2815331.wav	0.999959
HGT2816091.wav	0.515440
HGT2816769.wav	0.000011
HGT2818196.wav	0.000627
HGT2821596.wav	0.973489
HGT2821641.wav	0.022077
HGT2822208.wav	0.997336
HGT2826806.wav	0.002666
HGT2831389.wav	0.000090
HGT2831586.wav	0.996624
HGT2832248.wav	0.003478
HGT2832662.wav	0.997459
HGT2857443.wav	0.000026
HGT2859897.wav	0.999463
HGT2869679.wav	0.727451
HGT2874120.wav	0.975426
HGT2875918.wav	0.998982
HGT2879231.wav	0.005646
HGT2888075.wav	0.225702
HGT2890759.wav	0.297711
HGT2893119.wav	0.031186
HGT2894056.wav	0.000727
HGT2895064.wav	0.058634
HGT2901484.wav	0.998866
HGT2909707.wav	0.016018
HGT2913243.wav	0.061898
HGT2913661.wav	0.000044
HGT2917440.wav	0.999258
HGT2919329.wav	0.000019
HGT2922383.wav	0.000177
HGT2931686.wav	0.095834
HGT2934417.wav	0.003760
HGT2938565.wav	0.000045
HGT2967007.wav	0.000509
HGT2967499.wav	0.000128
HGT2968999.wav	0.000616
HGT2969513.wav	0.006016
HGT2980282.wav	0.997898
HGT2992520.wav	0.045310
HGT3013254.wav	0.999991
HGT3021678.wav	0.999675
HGT3029132.wav	0.006719
HGT3030733.wav	0.450694
HGT3030755.wav	0.564846
HGT3033618.wav	0.963811
HGT3033778.wav	0.945216
HGT3039850.wav	0.004811
HGT3067486.wav	0.996941
HGT3076633.wav	0.082134
HGT3091031.wav	0.999693
HGT3094895.wav	0.000022
HGT3096416.wav	0.138886
HGT3097532.wav	0.027333
HGT3106794.wav	0.004753
HGT3112716.wav	0.001640
HGT3127535.wav	0.999959
HGT3139745.wav	0.000559
HGT3164705.wav	0.001495
HGT3164708.wav	0.022664
HGT3166664.wav	0.009045
HGT3173553.wav	0.002497
HGT3174759.wav	0.000071
HGT3175336.wav	0.003440
HGT3190357.wav	0.005307
HGT3200163.wav	0.000196
HGT3215619.wav	0.000836
HGT3221765.wav	0.004746
HGT3223298.wav	0.001585
HGT3228439.wav	0.001500
HGT3229000.wav	0.002549
HGT3237868.wav	0.998469
HGT3242656.wav	0.999872
HGT3247160.wav	0.027185
HGT3250490.wav	0.000664
HGT3250894.wav	0.002790
HGT3256737.wav	0.000316
HGT3259751.wav	0.027119
HGT3272448.wav	0.999890
HGT3274858.wav	0.131645
HGT3280112.wav	0.332817
HGT3285300.wav	0.016908
HGT3287723.wav	0.011649
HGT3288017.wav	0.995705
HGT3289837.wav	0.673158
HGT3292985.wav	0.844273
HGT3298714.wav	0.055338
HGT3301710.wav	0.000036
HGT3302899.wav	0.972786
HGT3306177.wav	0.997365
HGT3309260.wav	0.000350
HGT3310822.wav	0.976397
HGT3317712.wav	0.056789
HGT3320569.wav	0.001209
HGT3320598.wav	0.002687
HGT3323717.wav	0.000224
HGT3326864.wav	0.001210
HGT3335005.wav	0.004313
HGT3339275.wav	0.874255
HGT3340512.wav	0.997572
HGT3345202.wav	0.000585
HGT3348440.wav	0.000133
HGT3349156.wav	0.049186
HGT3353604.wav	0.150731
HGT3354961.wav	0.480920
HGT3369322.wav	0.993864
HGT3371163.wav	0.004500
HGT3372684.wav	0.004031
HGT3373813.wav	0.000023
HGT3374547.wav	0.001177
HGT3375597.wav	0.000365
HGT3376773.wav	0.014397
HGT3390618.wav	0.003279
HGT3395997.wav	0.714075
HGT3396617.wav	0.000145
HGT3398149.wav	0.007515
HGT3399345.wav	0.998895
HGT3400811.wav	0.001475
HGT3401179.wav	0.467012
HGT3406210.wav	0.003160
HGT3415309.wav	0.000358
HGT3431070.wav	0.020547
HGT3435878.wav	0.000712
HGT3436377.wav	0.028122
HGT3436990.wav	0.022436
HGT3440925.wav	0.000537
HGT3448291.wav	0.035268
HGT3452853.wav	0.000125
HGT3456740.wav	0.000355
HGT3460757.wav	0.012494
HGT3462269.wav	0.000978
HGT3464604.wav	0.007043
HGT3465719.wav	0.028780
HGT3473690.wav	0.999827
HGT3474552.wav	0.000644
HGT3485288.wav	0.000087
HGT3495411.wav	0.000354
HGT3497240.wav	0.001905
HGT3505457.wav	0.001093
HGT3511925.wav	0.000643
HGT3513862.wav	0.000207
HGT3515050.wav	0.035338
HGT3517257.wav	0.316256
HGT3523466.wav	0.037265
HGT3527498.wav	0.075277
HGT3536828.wav	0.000159
HGT3538704.wav	0.999066
HGT3539248.wav	0.000797
HGT3540221.wav	0.012800
HGT3542635.wav	0.018791
HGT3549618.wav	0.041647
HGT3556002.wav	0.001232
HGT3567473.wav	0.040165
HGT3568523.wav	0.445936
HGT3570254.wav	0.073393
HGT3574016.wav	0.999841
HGT3574449.wav	0.000143
HGT3580682.wav	0.999541
HGT3583747.wav	0.043322
HGT3585075.wav	0.004044
HGT3595947.wav	0.999439
HGT3601206.wav	0.003206
HGT3601434.wav	0.001796
HGT3602245.wav	0.015658
HGT3619375.wav	0.002943
HGT3622838.wav	0.005805
HGT3628577.wav	0.999856
HGT3639227.wav	0.000412
HGT3639555.wav	0.003197
HGT3644352.wav	0.995987
HGT3649716.wav	0.001294
HGT3650432.wav	0.005116
HGT3655907.wav	0.939362
HGT3660877.wav	0.069134
HGT3666340.wav	0.911893
HGT3671537.wav	0.994615
HGT3676324.wav	0.997190
HGT3680176.wav	0.983949
HGT3681951.wav	0.972598
HGT3689856.wav	0.108600
HGT3699071.wav	0.030794
HGT3700505.wav	0.902919
HGT3717430.wav	0.999420
HGT3727101.wav	0.000799
HGT3739624.wav	0.954157
HGT3741126.wav	0.246861
HGT3754448.wav	0.002260
HGT3769581.wav	0.000014
HGT3773815.wav	0.939831
HGT3779558.wav	0.000156
HGT3785108.wav	0.028637
HGT3786252.wav	0.019691
HGT3789962.wav	0.002525
HGT3791121.wav	0.645866
HGT3794042.wav	0.005289
HGT3801545.wav	0.098706
HGT3827512.wav	0.000108
HGT3828372.wav	0.000014
HGT3831178.wav	0.658039
HGT3833182.wav	0.000004
HGT3840503.wav	0.000082
HGT3847607.wav	0.139412
HGT3851391.wav	0.999825
HGT3862933.wav	0.011252
HGT3868400.wav	0.984922
HGT3869491.wav	0.016021
HGT3894755.wav	0.977387
HGT3895213.wav	0.000063
HGT3896897.wav	0.747057
HGT3897605.wav	0.029053
HGT3902823.wav	0.861947
HGT3909724.wav	0.001471
HGT3918531.wav	0.195199
HGT3918668.wav	0.468950
HGT3920114.wav	0.005984
HGT3921664.wav	0.000007
HGT3924178.wav	0.998979
HGT3926564.wav	0.044845
HGT3934388.wav	0.999030
HGT3935546.wav	0.004401
HGT3935773.wav	0.000218
HGT3938174.wav	0.018142
HGT3940137.wav	0.001238
HGT3944432.wav	0.840962
HGT3945429.wav	0.971992
HGT3948897.wav	0.005955
HGT3952318.wav	0.056617
HGT3961437.wav	0.284068
HGT3963360.wav	0.000034
HGT3965278.wav	0.009296
HGT3968573.wav	0.000800
HGT3978436.wav	0.000048
HGT3990093.wav	0.999518
HGT4010201.wav	0.077000
HGT4012147.wav	0.157320
HGT4016281.wav	0.075395
HGT4020142.wav	0.039042
HGT4029463.wav	0.774283
HGT4039790.wav	0.025581
HGT4040880.wav	0.000499
HGT4044236.wav	0.000134
HGT4044574.wav	0.996675
HGT4046518.wav	0.087079
HGT4058078.wav	0.001823
HGT4074442.wav	0.001863
HGT4077974.wav	0.991488
HGT4085840.wav	0.030365
HGT4097542.wav	0.966281
HGT4106364.wav	0.999374
HGT4129229.wav	0.008966
HGT4131824.wav	0.013564
HGT4131961.wav	0.022968
HGT4147435.wav	0.000771
HGT4148745.wav	0.038971
HGT4155107.wav	0.016492
HGT4158194.wav	0.065827
HGT4163607.wav	0.047957
HGT4170217.wav	0.069032
HGT4171323.wav	0.027220
HGT4176172.wav	0.000352
HGT4181851.wav	0.996710
HGT4185740.wav	0.006504
HGT4203596.wav	0.000013
HGT4206281.wav	0.323929
HGT4231091.wav	0.996782
HGT4231199.wav	0.002338
HGT4233725.wav	0.979573
HGT4248704.wav	0.955806
HGT4250461.wav	0.002014
HGT4252904.wav	0.000183
HGT4255081.wav	0.017910
HGT4257395.wav	0.028520
HGT4258168.wav	0.004736
HGT4266838.wav	0.049067
HGT4268991.wav	0.981932
HGT4269838.wav	0.995835
HGT4283671.wav	0.315130
HGT4287529.wav	0.001257
HGT4293166.wav	0.000122
HGT4295385.wav	0.000036
HGT4312678.wav	0.998154
HGT4319705.wav	0.825753
HGT4327131.wav	0.975414
HGT4328305.wav	0.004459
HGT4335113.wav	0.954928
HGT4341885.wav	0.000300
HGT4348227.wav	0.010957
HGT4348472.wav	0.066882
HGT4354504.wav	0.004940
HGT4357248.wav	0.682716
HGT4357493.wav	0.999480
HGT4359888.wav	0.029890
HGT4362272.wav	0.000885
HGT4362653.wav	0.013109
HGT4363154.wav	0.001067
HGT4364179.wav	0.999125
HGT4367861.wav	0.000387
HGT4371552.wav	0.001413
HGT4379986.wav	0.146618
HGT4400672.wav	0.027488
HGT4407954.wav	0.998246
HGT4408157.wav	0.000913
HGT4409573.wav	0.039833
HGT4413089.wav	0.130384
HGT4415806.wav	0.133118
HGT4419348.wav	0.000361
HGT4421891.wav	0.012805
HGT4432318.wav	0.987587
HGT4448273.wav	0.001906
HGT4451778.wav	0.007064
HGT4460785.wav	0.000051
HGT4463452.wav	0.040795
HGT4464728.wav	0.000004
HGT4466130.wav	0.989485
HGT4474318.wav	0.998705
HGT4478417.wav	0.014334
HGT4483727.wav	0.999949
HGT4484291.wav	0.000160
HGT4487676.wav	0.008681
HGT4487870.wav	0.968107
HGT4488908.wav	0.874966
HGT4494130.wav	0.000607
HGT4498658.wav	0.006527
HGT4499292.wav	0.011277
HGT4506219.wav	0.926275
HGT4511855.wav	0.000025
HGT4512960.wav	0.004892
HGT4513428.wav	0.973028
HGT4518964.wav	0.008526
HGT4524699.wav	0.038765
HGT4530910.wav	0.932879
HGT4535789.wav	0.052727
HGT4537869.wav	0.264225
HGT4541609.wav	0.000376
HGT4553818.wav	0.001516
HGT4553884.wav	0.638563
HGT4555614.wav	0.040907
HGT4556684.wav	0.002202
HGT4557285.wav	0.999772
HGT4563698.wav	0.001726
HGT4566173.wav	0.999214
HGT4574419.wav	0.009101
HGT4574883.wav	0.999813
HGT4578181.wav	0.998683
HGT4579554.wav	0.018826
HGT4585781.wav	0.191338
HGT4590974.wav	0.015845
HGT4595880.wav	0.000246
HGT4596913.wav	0.000034
HGT4597413.wav	0.018401
HGT4598677.wav	0.003046
HGT4606053.wav	0.999876
HGT4607022.wav	0.341839
HGT4615242.wav	0.002706
HGT4625957.wav	0.000044
HGT4632734.wav	0.102441
HGT4636511.wav	0.004834
HGT4636951.wav	0.275998
HGT4643493.wav	0.000443
HGT4645192.wav	0.000584
HGT4645786.wav	0.018421
HGT4647967.wav	0.888937
HGT4649376.wav	0.013453
HGT4649413.wav	0.026749
HGT4651135.wav	0.936332
HGT4655641.wav	0.002479
HGT4656671.wav	0.000110
HGT4656765.wav	0.926644
HGT4659604.wav	0.996745
HGT4672904.wav	0.001999
HGT4675933.wav	0.752887
HGT4687432.wav	0.977445
HGT4702315.wav	0.018706
HGT4707439.wav	0.997588
HGT4721208.wav	0.033871
HGT4735523.wav	0.999987
HGT4738385.wav	0.001914
HGT4743947.wav	0.000209
HGT4745539.wav	0.000565
HGT4765971.wav	0.001933
HGT4771487.wav	0.006220
HGT4771665.wav	0.016987
HGT4776942.wav	0.019044
HGT4784241.wav	0.999479
HGT4794545.wav	0.006546
HGT4800563.wav	0.661467
HGT4800785.wav	0.013844
HGT4812121.wav	0.999605
HGT4814755.wav	0.608044
HGT4816609.wav	0.002888
HGT4819347.wav	0.001336
HGT4820233.wav	0.999886
HGT4834440.wav	0.996196
HGT4851866.wav	0.270032
HGT4867237.wav	0.063336
HGT4867727.wav	0.999434
HGT4868291.wav	0.052707
HGT4870550.wav	0.009248
HGT4873730.wav	0.017152
HGT4887373.wav	0.001833
HGT4887584.wav	0.032984
HGT4901221.wav	0.845205
HGT4902913.wav	0.005192
HGT4904384.wav	0.003669
HGT4919648.wav	0.999652
HGT4924916.wav	0.976897
HGT4933078.wav	0.943691
HGT4937526.wav	0.027394
HGT4942239.wav	0.003139
HGT4947161.wav	0.000367
HGT4957705.wav	0.633131
HGT4960704.wav	0.002835
HGT4967205.wav	0.000209
HGT4969164.wav	0.128536
HGT4971506.wav	0.000714
HGT4977676.wav	0.995085
HGT4987103.wav	0.999977
HGT4994399.wav	0.132972
HGT4994492.wav	0.337608
HGT4996299.wav	0.999811
HGT5003009.wav	0.002099
HGT5008315.wav	0.960687
HGT5011109.wav	0.000680
HGT5014685.wav	0.070731
HGT5022413.wav	0.997456
HGT5023814.wav	0.000157
HGT5025032.wav	0.002711
HGT5030501.wav	0.908039
HGT5031997.wav	0.996867
HGT5055249.wav	0.012748
HGT5056851.wav	0.880354
HGT5061448.wav	0.846777
HGT5061911.wav	0.000466
HGT5062221.wav	0.026779
HGT5062497.wav	0.018227
HGT5066834.wav	0.019146
HGT5072908.wav	0.133122
HGT5072930.wav	0.573319
HGT5096030.wav	0.000282
HGT5097841.wav	0.251594
HGT5098730.wav	0.007556
HGT5107418.wav	0.907451
HGT5112344.wav	0.005619
HGT5119794.wav	0.091525
HGT5142074.wav	0.847687
HGT5143808.wav	0.009784
HGT5144999.wav	0.001706
HGT5149912.wav	0.002510
HGT5152227.wav	0.028939
HGT5152684.wav	0.002737
HGT5152715.wav	0.000122
HGT5155355.wav	0.097584
HGT5155531.wav	0.000166
HGT5155662.wav	0.034041
HGT5160416.wav	0.181252
HGT5161368.wav	0.001579
HGT5168320.wav	0.000111
HGT5171077.wav	0.003799
HGT5172649.wav	0.999063
HGT5185699.wav	0.000397
HGT5188122.wav	0.002058
HGT5189872.wav	0.996012
HGT5192775.wav	0.003618
HGT5193538.wav	0.366619
HGT5200869.wav	0.000610
HGT5216934.wav	0.612966
HGT5219218.wav	0.001625
HGT5222849.wav	0.601117
HGT5224261.wav	0.000920
HGT5226528.wav	0.996487
HGT5235139.wav	0.113842
HGT5235981.wav	0.001888
HGT5239822.wav	0.017965
HGT5259499.wav	0.000025
HGT5269662.wav	0.091481
HGT5272056.wav	0.468798
HGT5273165.wav	0.583189
HGT5274322.wav	0.443040
HGT5277934.wav	0.003476
HGT5279554.wav	0.062831
HGT5286072.wav	0.009346
HGT5290584.wav	0.000994
HGT5295483.wav	0.000885
HGT5299505.wav	0.996380
HGT5324860.wav	0.999594
HGT5329940.wav	0.001218
HGT5331462.wav	0.002425
HGT5348190.wav	0.995464
HGT5348464.wav	0.003322
HGT5349219.wav	0.010886
HGT5360617.wav	0.417102
HGT5367005.wav	0.000647
HGT5367691.wav	0.000023
HGT5380576.wav	0.003146
HGT5382338.wav	0.007250
HGT5383791.wav	0.039680
HGT5388032.wav	0.000201
HGT5394218.wav	0.063286
HGT5400028.wav	0.246072
HGT5401654.wav	0.030986
HGT5413403.wav	0.001104
HGT5413889.wav	0.010274
HGT5415636.wav	0.010890
HGT5417090.wav	0.001103
HGT5419490.wav	0.005204
HGT5428111.wav	0.189186
HGT5445984.wav	0.000197
HGT5450720.wav	0.999879
HGT5452004.wav	0.011225
HGT5455149.wav	0.080123
HGT5457182.wav	0.001494
HGT5457671.wav	0.311291
HGT5458405.wav	0.053248
HGT5462084.wav	0.000346
HGT5472158.wav	0.008259
HGT5477822.wav	0.585969
HGT5486117.wav	0.001472
HGT5487480.wav	0.003004
HGT5501911.wav	0.001876
HGT5505800.wav	0.037136
HGT5506871.wav	0.008800
HGT5507636.wav	0.023342
HGT5510046.wav	0.004415
HGT5525423.wav	0.955162
HGT5554447.wav	0.052149
HGT5554698.wav	0.000065
HGT5566719.wav	0.990232
HGT5572960.wav	0.981656
HGT5577536.wav	0.026239
HGT5578806.wav	0.332654
HGT5596316.wav	0.002040
HGT5597873.wav	0.870306
HGT5606038.wav	0.000308
HGT5618928.wav	0.029678
HGT5619842.wav	0.225268
HGT5619882.wav	0.602342
HGT5620966.wav	0.020955
HGT5629035.wav	0.999943
HGT5635220.wav	0.015296
HGT5642902.wav	0.251049
HGT5644915.wav	0.002628
HGT5648546.wav	0.023682
HGT5668263.wav	0.016248
HGT5672429.wav	0.000466
HGT5678702.wav	0.006640
HGT5688537.wav	0.999781
HGT5699970.wav	0.000850
HGT5703626.wav	0.108926
HGT5706382.wav	0.070964
HGT5709534.wav	0.000082
HGT5719836.wav	0.000281
HGT5735396.wav	0.004789
HGT5755829.wav	0.659951
HGT5758569.wav	0.003043
HGT5762016.wav	0.001939
HGT5763460.wav	0.894648
HGT5770091.wav	0.014441
HGT5773238.wav	0.107215
HGT5775471.wav	0.774732
HGT5783528.wav	0.860142
HGT5798234.wav	0.010671
HGT5805205.wav	0.991457
HGT5809698.wav	0.120696
HGT5812704.wav	0.002644
HGT5817671.wav	0.400416
HGT5819780.wav	0.410066
HGT5823944.wav	0.000224
HGT5824885.wav	0.001309
HGT5838555.wav	0.997216
HGT5846415.wav	0.998043
HGT5848636.wav	0.000165
HGT5858138.wav	0.999546
HGT5860519.wav	0.958870
HGT5861689.wav	0.000213
HGT5864950.wav	0.927770
HGT5868850.wav	0.001575
HGT5878611.wav	0.027834
HGT5882557.wav	0.075814
HGT5885104.wav	0.000266
HGT5891634.wav	0.000285
HGT5894080.wav	0.016946
HGT5895558.wav	0.079556
HGT5896621.wav	0.193637
HGT5897706.wav	0.995890
HGT5900125.wav	0.999556
HGT5905113.wav	0.025767
HGT5906443.wav	0.056025
HGT5906676.wav	0.999421
HGT5906936.wav	0.000191
HGT5934010.wav	0.002076
HGT5936025.wav	0.034601
HGT5937107.wav	0.467334
HGT5950564.wav	0.008775
HGT5954057.wav	0.482271
HGT5958709.wav	0.976886
HGT5966651.wav	0.798348
HGT5967225.wav	0.999717
HGT5969357.wav	0.993263
HGT5973204.wav	0.001793
HGT5976205.wav	0.000062
HGT5977525.wav	0.001692
HGT5984706.wav	0.071763
HGT5990446.wav	0.000028
HGT5991352.wav	0.000361
HGT5999972.wav	0.004390
HGT6011857.wav	0.016995
HGT6018967.wav	0.219607
HGT6021230.wav	0.924352
HGT6031984.wav	0.002305
HGT6033210.wav	0.001114
HGT6042262.wav	0.190642
HGT6065251.wav	0.036510
HGT6067802.wav	0.002226
HGT6077853.wav	0.237058
HGT6078216.wav	0.011087
HGT6079573.wav	0.447825
HGT6082552.wav	0.010468
HGT6083371.wav	0.979257
HGT6086844.wav	0.000307
HGT6089463.wav	0.803561
HGT6091112.wav	0.014001
HGT6098966.wav	0.000540
HGT6108672.wav	0.996752
HGT6110038.wav	0.558670
HGT6113776.wav	0.997692
HGT6115166.wav	0.971555
HGT6124552.wav	0.022363
HGT6129672.wav	0.938904
HGT6144802.wav	0.946438
HGT6154091.wav	0.000565
HGT6155076.wav	0.520183
HGT6157747.wav	0.671783
HGT6157969.wav	0.360917
HGT6170381.wav	0.009802
HGT6176814.wav	0.020581
HGT6177691.wav	0.011327
HGT6185339.wav	0.030137
HGT6188012.wav	0.003522
HGT6193876.wav	0.489346
HGT6197330.wav	0.007786
HGT6204897.wav	0.000422
HGT6210591.wav	0.015394
HGT6221489.wav	0.000178
HGT6221562.wav	0.027090
HGT6229223.wav	0.002387
HGT6235320.wav	0.037123
HGT6238106.wav	0.001201
HGT6244711.wav	0.012057
HGT6248777.wav	0.903387
HGT6249570.wav	0.000045
HGT6257695.wav	0.000214
HGT6267090.wav	0.042316
HGT6275367.wav	0.020510
HGT6279504.wav	0.000214
HGT6283709.wav	0.992030
HGT6294540.wav	0.000082
HGT6305976.wav	0.000001
HGT6306273.wav	0.003910
HGT6306881.wav	0.009504
HGT6310473.wav	0.996181
HGT6310576.wav	0.999891
HGT6323737.wav	0.000189
HGT6328440.wav	0.004414
HGT6342991.wav	0.993253
HGT6343394.wav	0.029630
HGT6360064.wav	0.010622
HGT6363382.wav	0.998657
HGT6364214.wav	0.738540
HGT6378727.wav	0.000047
HGT6384183.wav	0.195301
HGT6387921.wav	0.001602
HGT6391541.wav	0.010788
HGT6398258.wav	0.003174
HGT6398432.wav	0.523548
HGT6412795.wav	0.001941
HGT6419286.wav	0.998536
HGT6436956.wav	0.000276
HGT6438104.wav	0.000552
HGT6444648.wav	0.000011
HGT6446738.wav	0.463335
HGT6451177.wav	0.002539
HGT6454709.wav	0.999748
HGT6461337.wav	0.015806
HGT6463798.wav	0.003265
HGT6467893.wav	0.001945
HGT6468475.wav	0.923966
HGT6475297.wav	0.013432
HGT6476180.wav	0.158952
HGT6485034.wav	0.957339
HGT6490768.wav	0.225945
HGT6491628.wav	0.000060
HGT6491882.wav	0.001272
HGT6492180.wav	0.000294
HGT6502865.wav	0.514911
HGT6502974.wav	0.000222
HGT6506318.wav	0.027567
HGT6510332.wav	0.000874
HGT6512664.wav	0.003557
HGT6516387.wav	0.032433
HGT6521356.wav	0.002986
HGT6523311.wav	0.000284
HGT6557480.wav	0.987899
HGT6558365.wav	0.238703
HGT6569943.wav	0.111985
HGT6578134.wav	0.999153
HGT6583567.wav	0.000044
HGT6584628.wav	0.006141
HGT6585228.wav	0.000755
HGT6595483.wav	0.219555
HGT6604385.wav	0.012843
HGT6605390.wav	0.000701
HGT6606284.wav	0.073179
HGT6610383.wav	0.011619
HGT6613119.wav	0.999850
HGT6620768.wav	0.000374
HGT6624314.wav	0.007270
HGT6635409.wav	0.000044
HGT6637430.wav	0.120565
HGT6640705.wav	0.964446
HGT6651515.wav	0.000387
HGT6651744.wav	0.612871
HGT6670327.wav	0.072951
HGT6676871.wav	0.000614
HGT6686872.wav	0.000269
HGT6686958.wav	0.007772
HGT6687887.wav	0.016236
HGT6697637.wav	0.000020
HGT6698535.wav	0.006515
HGT6711303.wav	0.999991
HGT6725284.wav	0.000399
HGT6727201.wav	0.017034
HGT6748267.wav	0.026628
HGT6763740.wav	0.082966
HGT6765414.wav	0.976995
HGT6766831.wav	0.022829
HGT6773317.wav	0.159460
HGT6779702.wav	0.001995
HGT6780397.wav	0.276886
HGT6785919.wav	0.146497
HGT6790865.wav	0.860565
HGT6798296.wav	0.000802
HGT6804139.wav	0.886326
HGT6819591.wav	0.988298
HGT6832718.wav	0.004803
HGT6833559.wav	0.021003
HGT6835300.wav	0.998585
HGT6842306.wav	0.006474
HGT6843266.wav	0.292179
HGT6858462.wav	0.999770
HGT6868113.wav	0.000024
HGT6869941.wav	0.076296
HGT6871563.wav	0.019785
HGT6884008.wav	0.941852
HGT6894247.wav	0.020256
HGT6908742.wav	0.000600
HGT6912838.wav	0.009076
HGT6917321.wav	0.000421
HGT6917840.wav	0.000015
HGT6920025.wav	0.075492
HGT6921450.wav	0.000676
HGT6925781.wav	0.092834
HGT6933227.wav	0.050687
HGT6944085.wav	0.921186
HGT6952576.wav	0.004346
HGT6962074.wav	0.028810
HGT6962233.wav	0.055976
HGT6964376.wav	0.006429
HGT6974328.wav	0.999995
HGT6979443.wav	0.994846
HGT6985090.wav	0.006631
HGT6988916.wav	0.000103
HGT7000911.wav	0.003899
HGT7010879.wav	0.765201
HGT7011552.wav	0.000286
HGT7014008.wav	0.920143
HGT7014272.wav	0.011201
HGT7019558.wav	0.000138
HGT7020861.wav	0.036826
HGT7025364.wav	0.026906
HGT7030347.wav	0.000006
HGT7048059.wav	0.000797
HGT7051739.wav	0.024351
HGT7054178.wav	0.014771
HGT7055191.wav	0.991145
HGT7055883.wav	0.013279
HGT7056492.wav	0.844197
HGT7070170.wav	0.028886
HGT7074071.wav	0.861120
HGT7090973.wav	0.994926
HGT7094439.wav	0.143723
HGT7095045.wav	0.000691
HGT7098716.wav	0.839943
HGT7101683.wav	0.996818
HGT7102198.wav	0.945732
HGT7102508.wav	0.151292
HGT7104577.wav	0.011692
HGT7104652.wav	0.000325
HGT7110667.wav	0.988576
HGT7111769.wav	0.707642
HGT7117871.wav	0.333085
HGT7123206.wav	0.000335
HGT7125999.wav	0.010565
HGT7137099.wav	0.156765
HGT7141313.wav	0.974082
HGT7150042.wav	0.040617
HGT7155218.wav	0.030387
HGT7163949.wav	0.040096
HGT7170472.wav	0.230378
HGT7170950.wav	0.004732
HGT7178469.wav	0.062669
HGT7181929.wav	0.981054
HGT7183984.wav	0.000361
HGT7186919.wav	0.016553
HGT7187914.wav	0.065774
HGT7197873.wav	0.976504
HGT7202220.wav	0.015958
HGT7203002.wav	0.951369
HGT7207048.wav	0.165384
HGT7211696.wav	0.022648
HGT7220788.wav	0.001518
HGT7221911.wav	0.893512
HGT7226415.wav	0.042313
HGT7235146.wav	0.045153
HGT7238980.wav	0.291112
HGT7240110.wav	0.032061
HGT7244504.wav	0.911330
HGT7244530.wav	0.000103
HGT7244590.wav	0.000325
HGT7255830.wav	0.034869
HGT7258027.wav	0.002878
HGT7259963.wav	0.004069
HGT7274608.wav	0.109588
HGT7274827.wav	0.167921
HGT7278640.wav	0.946129
HGT7292081.wav	0.968956
HGT7294946.wav	0.000424
HGT7295430.wav	0.999930
HGT7295984.wav	0.010987
HGT7296365.wav	0.000724
HGT7317804.wav	0.002431
HGT7323816.wav	0.003454
HGT7324056.wav	0.051380
HGT7346462.wav	0.005877
HGT7353263.wav	0.000790
HGT7356729.wav	0.003073
HGT7370804.wav	0.038766
HGT7380727.wav	0.001801
HGT7391582.wav	0.979330
HGT7391691.wav	0.004985
HGT7400775.wav	0.033517
HGT7411727.wav	0.969361
HGT7418029.wav	0.051419
HGT7431985.wav	0.000070
HGT7432009.wav	0.001792
HGT7436561.wav	0.617756
HGT7436904.wav	0.999815
HGT7449847.wav	0.055654
HGT7457101.wav	0.995537
HGT7467823.wav	0.001908
HGT7468512.wav	0.014861
HGT7472068.wav	0.472852
HGT7476370.wav	0.000346
HGT7479697.wav	0.006708
HGT7483911.wav	0.997979
HGT7493551.wav	0.999682
HGT7505991.wav	0.000481
HGT7518343.wav	0.137157
HGT7522695.wav	0.000030
HGT7529963.wav	0.000084
HGT7537657.wav	0.623567
HGT7541524.wav	0.966680
HGT7550920.wav	0.000154
HGT7554690.wav	0.004581
HGT7562050.wav	0.809124
HGT7563849.wav	0.998104
HGT7567900.wav	0.014810
HGT7572974.wav	0.003352
HGT7574738.wav	0.991007
HGT7593601.wav	0.001610
HGT7597869.wav	0.941099
HGT7605144.wav	0.000413
HGT7605885.wav	0.036490
HGT7608466.wav	0.000414
HGT7609375.wav	0.998850
HGT7616727.wav	0.978035
HGT7633696.wav	0.006427
HGT7633929.wav	0.001406
HGT7643219.wav	0.004990
HGT7652346.wav	0.999501
HGT7655025.wav	0.001300
HGT7656790.wav	0.033213
HGT7657012.wav	0.121971
HGT7668985.wav	0.007509
HGT7673904.wav	0.576533
HGT7677830.wav	0.999070
HGT7695449.wav	0.640385
HGT7702803.wav	0.001002
HGT7703122.wav	0.001553
HGT7704170.wav	0.024123
HGT7707828.wav	0.028861
HGT7708811.wav	0.000963
HGT7709527.wav	0.717965
HGT7714321.wav	0.106377
HGT7719981.wav	0.066211
HGT7732196.wav	0.750857
HGT7735831.wav	0.015261
HGT7760020.wav	0.000790
HGT7761686.wav	0.971073
HGT7764509.wav	0.994417
HGT7773771.wav	0.071858
HGT7776733.wav	0.000838
HGT7783010.wav	0.033508
HGT7783037.wav	0.143397
HGT7784059.wav	0.000070
HGT7793376.wav	0.000497
HGT7797264.wav	0.034083
HGT7800347.wav	0.013808
HGT7804553.wav	0.003551
HGT7813145.wav	0.999889
HGT7824018.wav	0.412226
HGT7831340.wav	0.003865
HGT7848297.wav	0.111077
HGT7854533.wav	0.002167
HGT7867243.wav	0.567150
HGT7874121.wav	0.000410
HGT7881286.wav	0.062142
HGT7882366.wav	0.016248
HGT7888082.wav	0.003779
HGT7893209.wav	0.994620
HGT7894735.wav	0.043909
HGT7900363.wav	0.017589
HGT7902806.wav	0.000762
HGT7905217.wav	0.628408
HGT7905880.wav	0.237256
HGT7911884.wav	0.002281
HGT7923136.wav	0.001612
HGT7940784.wav	0.167748
HGT7952678.wav	0.001352
HGT7954747.wav	0.000918
HGT7957419.wav	0.005504
HGT7958536.wav	0.007521
HGT7959043.wav	0.000681
HGT7973598.wav	0.001416
HGT7974840.wav	0.032097
HGT7979805.wav	0.000044
HGT7995307.wav	0.306523
HGT7997224.wav	0.000126
HGT7997604.wav	0.019837
HGT7998282.wav	0.023183
HGT8001959.wav	0.996491
HGT8004506.wav	0.001170
HGT8004864.wav	0.000700
HGT8033305.wav	0.998981
HGT8042462.wav	0.000518
HGT8047799.wav	0.966696
HGT8057223.wav	0.000060
HGT8057320.wav	0.999354
HGT8057663.wav	0.158319
HGT8078735.wav	0.009938
HGT8080749.wav	0.997084
HGT8081178.wav	0.002705
HGT8081972.wav	0.000663
HGT8088693.wav	0.000641
HGT8097577.wav	0.000018
HGT8105093.wav	0.000114
HGT8106164.wav	0.027964
HGT8107144.wav	0.244540
HGT8119936.wav	0.000703
HGT8121843.wav	0.054496
HGT8131128.wav	0.001894
HGT8133737.wav	0.000317
HGT8134280.wav	0.219453
HGT8140215.wav	0.390163
HGT8150911.wav	0.000256
HGT8171018.wav	0.983583
HGT8172521.wav	0.999114
HGT8179310.wav	0.137160
HGT8180390.wav	0.118233
HGT8181058.wav	0.997120
HGT8184380.wav	0.036403
HGT8187417.wav	0.219223
HGT8192440.wav	0.907213
HGT8195307.wav	0.001338
HGT8200165.wav	0.000793
HGT8210796.wav	0.002742
HGT8225119.wav	0.011455
HGT8229545.wav	0.989284
HGT8233754.wav	0.010093
HGT8235069.wav	0.000035
HGT8241380.wav	0.000042
HGT8245988.wav	0.012717
HGT8247249.wav	0.010040
HGT8251715.wav	0.000581
HGT8251996.wav	0.003246
HGT8266488.wav	0.232745
HGT8274343.wav	0.010977
HGT8277441.wav	0.042608
HGT8287766.wav	0.016562
HGT8308987.wav	0.000197
HGT8318511.wav	0.055928
HGT8327973.wav	0.985314
HGT8328419.wav	0.071564
HGT8336250.wav	0.021638
HGT8340643.wav	0.094488
HGT8342679.wav	0.000112
HGT8343814.wav	0.001666
HGT8345105.wav	0.000263
HGT8360436.wav	0.011350
HGT8366568.wav	0.999132
HGT8367719.wav	0.015536
HGT8394391.wav	0.996080
HGT8398614.wav	0.016016
HGT8399343.wav	0.999995
HGT8400409.wav	0.999960
HGT8402133.wav	0.999274
HGT8421917.wav	0.001929
HGT8423680.wav	0.008226
HGT8424839.wav	0.000555
HGT8426268.wav	0.001714
HGT8430622.wav	0.679359
HGT8431737.wav	0.979434
HGT8432577.wav	0.004301
HGT8439527.wav	0.144019
HGT8451350.wav	0.012021
HGT8460571.wav	0.017457
HGT8460585.wav	0.625813
HGT8460872.wav	0.907352
HGT8465485.wav	0.000630
HGT8471434.wav	0.384907
HGT8477249.wav	0.000217
HGT8479833.wav	0.998724
HGT8481251.wav	0.020009
HGT8483579.wav	0.000592
HGT8492748.wav	0.977004
HGT8512650.wav	0.000823
HGT8513824.wav	0.999638
HGT8527879.wav	0.055476
HGT8530369.wav	0.007617
HGT8533615.wav	0.106882
HGT8535477.wav	0.000363
HGT8535596.wav	0.007329
HGT8543580.wav	0.001401
HGT8544897.wav	0.008113
HGT8549583.wav	0.026125
HGT8552242.wav	0.999647
HGT8552553.wav	0.790147
HGT8553710.wav	0.000568
HGT8554042.wav	0.020459
HGT8560592.wav	0.733307
HGT8561212.wav	0.914752
HGT8561581.wav	0.015991
HGT8566724.wav	0.000097
HGT8567981.wav	0.002082
HGT8576868.wav	0.452929
HGT8585361.wav	0.000501
HGT8585653.wav	0.000413
HGT8588733.wav	0.988381
HGT8600778.wav	0.093682
HGT8610007.wav	0.989436
HGT8624781.wav	0.000835
HGT8628182.wav	0.000172
HGT8633161.wav	0.999959
HGT8647737.wav	0.907314
HGT8649435.wav	0.924323
HGT8652637.wav	0.000847
HGT8663245.wav	0.011732
HGT8666984.wav	0.953943
HGT8667196.wav	0.110502
HGT8673879.wav	0.268174
HGT8674537.wav	0.000950
HGT8701426.wav	0.003732
HGT8707294.wav	0.002054
HGT8717585.wav	0.999314
HGT8722444.wav	0.007289
HGT8727203.wav	0.006806
HGT8738073.wav	0.013428
HGT8739703.wav	0.155656
HGT8745784.wav	0.974193
HGT8748094.wav	0.000710
HGT8772819.wav	0.989332
HGT8772901.wav	0.000359
HGT8773288.wav	0.997360
HGT8780886.wav	0.012845
HGT8790947.wav	0.055308
HGT8792062.wav	0.001669
HGT8794601.wav	0.123781
HGT8797058.wav	0.000945
HGT8806667.wav	0.384194
HGT8818760.wav	0.004888
HGT8825010.wav	0.001795
HGT8831452.wav	0.000239
HGT8841527.wav	0.000687
HGT8846118.wav	0.000055
HGT8847452.wav	0.998598
HGT8850094.wav	0.000051
HGT8852055.wav	0.999991
HGT8852670.wav	0.000200
HGT8854523.wav	0.106037
HGT8860621.wav	0.001960
HGT8862972.wav	0.000994
HGT8870775.wav	0.000101
HGT8871709.wav	0.000004
HGT8872629.wav	0.004349
HGT8876052.wav	0.016865
HGT8878334.wav	0.003322
HGT8882459.wav	0.002146
HGT8885009.wav	0.992053
HGT8894852.wav	0.229026
HGT8899620.wav	0.999907
HGT8901873.wav	0.029271
HGT8905285.wav	0.146221
HGT8911023.wav	0.536134
HGT8915986.wav	0.895616
HGT8928439.wav	0.000272
HGT8929420.wav	0.000845
HGT8931161.wav	0.233212
HGT8935908.wav	0.000613
HGT8938157.wav	0.021243
HGT8947090.wav	0.002047
HGT8950283.wav	0.007959
HGT8956278.wav	0.011536
HGT8956413.wav	0.809433
HGT8960478.wav	0.996567
HGT8963777.wav	0.238652
HGT8969473.wav	0.000156
HGT8977595.wav	0.821141
HGT8981582.wav	0.982205
HGT8982069.wav	0.000136
HGT8989753.wav	0.010790
HGT9001103.wav	0.004419
HGT9004438.wav	0.000333
HGT9009429.wav	0.006730
HGT9019436.wav	0.373473
HGT9023302.wav	0.014547
HGT9023400.wav	0.999409
HGT9030750.wav	0.151088
HGT9030862.wav	0.720796
HGT9032390.wav	0.754583
HGT9033474.wav	0.553349
HGT9035898.wav	0.053999
HGT9037106.wav	0.000104
HGT9038980.wav	0.634167
HGT9040162.wav	0.005150
HGT9042146.wav	0.018013
HGT9044634.wav	0.000436
HGT9055480.wav	0.043731
HGT9057189.wav	0.621799
HGT9065815.wav	0.317277
HGT9073944.wav	0.003482
HGT9076806.wav	0.006941
HGT9081224.wav	0.040878
HGT9103685.wav	0.101128
HGT9109273.wav	0.668156
HGT9111665.wav	0.998310
HGT9112410.wav	0.016918
HGT9126800.wav	0.790934
HGT9127030.wav	0.059819
HGT9127376.wav	0.007810
HGT9138238.wav	0.000582
HGT9143898.wav	0.119773
HGT9149217.wav	0.002004
HGT9156338.wav	0.004844
HGT9160883.wav	0.142466
HGT9183019.wav	0.882463
HGT9186049.wav	0.088202
HGT9197601.wav	0.007026
HGT9199049.wav	0.998884
HGT9203471.wav	0.084687
HGT9208103.wav	0.000983
HGT9208667.wav	0.008036
HGT9210945.wav	0.999950
HGT9211087.wav	0.666831
HGT9216376.wav	0.002423
HGT9220523.wav	0.004155
HGT9236379.wav	0.350579
HGT9245952.wav	0.146141
HGT9248942.wav	0.007543
HGT9256093.wav	0.000120
HGT9261905.wav	0.814140
HGT9266473.wav	0.998400
HGT9266759.wav	0.001706
HGT9277287.wav	0.997259
HGT9281737.wav	0.000124
HGT9289676.wav	0.005559
HGT9292356.wav	0.000026
HGT9296609.wav	0.134656
HGT9307838.wav	0.000020
HGT9312370.wav	0.000474
HGT9317398.wav	0.000070
HGT9328360.wav	0.055188
HGT9338725.wav	0.387639
HGT9340083.wav	0.010964
HGT9356407.wav	0.009876
HGT9356813.wav	0.035021
HGT9359191.wav	0.000863
HGT9368180.wav	0.996743
HGT9371099.wav	0.003563
HGT9371548.wav	0.121062
HGT9372834.wav	0.000388
HGT9386027.wav	0.295691
HGT9388435.wav	0.002466
HGT9400516.wav	0.001119
HGT9408781.wav	0.017431
HGT9413823.wav	0.837090
HGT9417641.wav	0.231780
HGT9426900.wav	0.032259
HGT9428153.wav	0.000309
HGT9434717.wav	0.999948
HGT9449638.wav	0.018699
HGT9461922.wav	0.984287
HGT9468550.wav	0.985599
HGT9474656.wav	0.047894
HGT9474676.wav	0.008755
HGT9476049.wav	0.995428
HGT9478873.wav	0.960477
HGT9480218.wav	0.000036
HGT9483055.wav	0.036208
HGT9483530.wav	0.000399
HGT9488292.wav	0.490919
HGT9492488.wav	0.736998
HGT9494308.wav	0.027260
HGT9505444.wav	0.999454
HGT9514111.wav	0.000058
HGT9525773.wav	0.999915
HGT9526322.wav	0.002035
HGT9533336.wav	0.000972
HGT9544660.wav	0.000040
HGT9549589.wav	0.999768
HGT9550181.wav	0.990318
HGT9555733.wav	0.024762
HGT9557503.wav	0.997495
HGT9564588.wav	0.061359
HGT9571159.wav	0.967904
HGT9581117.wav	0.000281
HGT9597371.wav	0.008520
HGT9600442.wav	0.294486
HGT9603506.wav	0.005053
HGT9627789.wav	0.028616
HGT9631485.wav	0.005019
HGT9633216.wav	0.901585
HGT9637448.wav	0.998246
HGT9638734.wav	0.000060
HGT9641757.wav	0.022016
HGT9642441.wav	0.002761
HGT9643725.wav	0.014033
HGT9643744.wav	0.989772
HGT9644138.wav	0.000240
HGT9679416.wav	0.000624
HGT9685045.wav	0.050505
HGT9685140.wav	0.324425
HGT9687291.wav	0.001001
HGT9688502.wav	0.101371
HGT9689193.wav	0.999150
HGT9692474.wav	0.007048
HGT9701265.wav	0.992647
HGT9708936.wav	0.000019
HGT9723597.wav	0.993485
HGT9725958.wav	0.005622
HGT9735043.wav	0.999073
HGT9744642.wav	0.011582
HGT9746640.wav	0.000032
HGT9747294.wav	0.338790
HGT9752634.wav	0.906191
HGT9755967.wav	0.999908
HGT9761711.wav	0.005838
HGT9762572.wav	0.107495
HGT9772169.wav	0.011359
HGT9778461.wav	0.999990
HGT9779062.wav	0.883776
HGT9779674.wav	0.015471
HGT9783326.wav	0.407464
HGT9785172.wav	0.043199
HGT9788612.wav	0.000141
HGT9793677.wav	0.040600
HGT9795934.wav	0.008410
HGT9797126.wav	0.559235
HGT9800079.wav	0.992007
HGT9808356.wav	0.088978
HGT9810981.wav	0.010818
HGT9811947.wav	0.998308
HGT9817370.wav	0.001402
HGT9817909.wav	0.000160
HGT9821933.wav	0.231275
HGT9823056.wav	0.000511
HGT9825775.wav	0.000089
HGT9829245.wav	0.981580
HGT9832253.wav	0.999997
HGT9833084.wav	0.997051
HGT9835860.wav	0.090047
HGT9837023.wav	0.000415
HGT9837636.wav	0.158363
HGT9845339.wav	0.024179
HGT9845937.wav	0.001249
HGT9853745.wav	0.000301
HGT9856339.wav	0.000996
HGT9882378.wav	0.002288
HGT9883635.wav	0.934150
HGT9896823.wav	0.991102
HGT9901306.wav	0.003522
HGT9904505.wav	0.003776
HGT9904926.wav	0.000671
HGT9906099.wav	0.877088
HGT9915551.wav	0.003120
HGT9922783.wav	0.043779
HGT9924266.wav	0.990208
HGT9928684.wav	0.999946
HGT9932042.wav	0.002383
HGT9942986.wav	0.056565
HGT9951375.wav	0.049214
HGT9952517.wav	0.007093
HGT9953829.wav	0.195747
HGT9955625.wav	0.027914
HGT9969119.wav	0.396446
HGT9971826.wav	0.024579
HGT9984076.wav	0.005686
HGT9984099.wav	0.008195
HGT9985870.wav	0.035141
HGT9988894.wav	0.489962
HGT9991309.wav	0.024612
HGT9998236.wav	0.012023
